{
  "train_ap": 0.3676572920117797,
  "test_ap": 0.18311565856909326,
  "train_auc": 0.9326578810909494,
  "test_auc": 0.8172809660911676,
  "n_train_pos": 12356,
  "n_train_neg": 301428,
  "n_test_pos": 2981,
  "n_test_neg": 89506,
  "feature_importance": {
    "t_bin": 0.11533208191394806,
    "hours_since_intime": 0.04548577964305878,
    "temperature": 0.039131712168455124,
    "heartrate": 0.07173264026641846,
    "resprate": 0.03962063044309616,
    "o2sat": 0.033017221838235855,
    "sbp": 0.03673912584781647,
    "dbp": 0.027399595826864243,
    "pain": 0.03191760554909706,
    "rhythm_flag": 0.010012141428887844,
    "is_white": 0.023246731609106064,
    "is_black": 0.03792271763086319,
    "is_asian": 0.01795470342040062,
    "is_hispanic": 0.03607501834630966,
    "is_other_race": 0.02085733972489834,
    "gender_F": 0.04056832939386368,
    "gender_M": 0.0359327495098114,
    "arrival_transport_AMBULANCE": 0.019558273255825043,
    "arrival_transport_HELICOPTER": 0.010208351537585258,
    "arrival_transport_OTHER": 0.0,
    "arrival_transport_UNKNOWN": 0.03365028649568558,
    "arrival_transport_WALK IN": 0.10007274150848389,
    "lactate": 0.037275709211826324,
    "wbc": 0.04221287742257118,
    "time_since_adm": 0.052260398864746094,
    "gsn_16599.0": 0.012140625156462193,
    "gsn_43952.0": 0.008969285525381565,
    "gsn_4490.0": 0.004399309866130352,
    "gsn_66419.0": 0.010074455291032791,
    "gsn_61716.0": 0.006231497507542372
  },
  "train_cindex": 0.15141625701133452,
  "test_cindex": 0.1971656613906543,
  "n_train_for_cindex": 3153,
  "n_test_for_cindex": 789,
  "cindex_horizon_hours": 10.0,
  "bin_minutes": 30.0
}